Unnamed: 0,image,type,brightness,contrast,blurrness,sharpness,text_ratio,width,height,artifacts,brisque,noise
0,An-example-of-blurry-images_Q640.jpg,0,0.7160119559328155,0.6705228310835338,100.0,6.785205078125,10.282814092499242,640,640,0.161134693877551,210.41475970927547,27855.70877419328
1,antique-grungy-french-invoice-receipt-cherub-graphic-vintage-angel-59879123.jpg,0,0.8685860347444763,0.8118516691344945,100.0,16.094172461752432,0.2038509836751779,719,900,0.0867265306122449,122.15239742254042,6403.725415835055
2,Delhi_to_Office_DL-20-STF-30025_-_By_Road_Y8zQP4K_std_std.jpg,0,0.9726417607042817,0.9745310011948368,11.019121793873609,1.0019267349457253,0.0716254074396378,1712,2378,0.0802530612244898,135.91901444743257,10073.077946323547
3,download.jpeg,0,0.7061740081632655,0.6716937033962106,100.0,34.209580838323355,7.82496488764045,301,167,0.1376816326530612,110.52459927408448,3132.366556051337
4,eb6ot1go_1986-bullet-bill_625x300_01_January_23.jpg,0,0.8697236105509398,0.8580012407212546,100.0,17.522551399057267,0.0984713280365224,650,767,0.0666938775510204,115.44760658471507,2427.9632194933374
5,images._std.jpg,0,0.8993026010404163,0.9077347048901068,100.0,32.971542012204665,0.2313175830262746,166,308,0.1708571428571428,100.26674026321948,3061.1423086537525
6,invoice1._std.jpg,0,0.9446623769507804,0.9557649984397768,100.0,17.59116905304263,0.0980882615686975,439,560,0.0696081632653061,120.41257603288406,5810.374279433989
7,Invoice_40.jpg,0,0.9114084033613444,0.9325551899099992,100.0,28.586380660743814,0.1286942577365314,757,874,0.1016326530612244,93.1735666067194,6929.329076157208
8,Invoice_55.jpg,0,0.956471100440176,0.9695168828415888,100.0,31.193591252070785,0.0448544455351982,513,666,0.0502204081632653,94.79539368270363,63583.42660217783
9,istockphoto-1185903393-612x612.jpg,0,0.9061330452180872,0.9007482182427616,100.0,15.43420340535365,0.0819701667329795,471,612,0.0681959183673469,122.48480473480645,3766.1577843738883
10,istockphoto-1362414342-612x612.jpg,0,0.8970933653461385,0.887447542682526,100.0,14.37448459640973,0.0750454879795594,363,612,0.0670367346938775,121.74106942928503,3235.1200115440865
11,istockphoto-1364066767-612x612.jpg,0,0.9094889795918368,0.9016319886720936,100.0,11.875956230445396,0.0553867564495425,399,612,0.0515428571428571,124.26139013574308,4045.1445848874255
12,istockphoto-184341941-612x612.jpg,0,0.9113502681072432,0.9054764873134262,100.0,20.567288236749786,0.042981204263201,449,612,0.0323428571428571,120.29591394648762,4466.660964982097
13,istockphoto-184846450-612x612.jpg,0,0.8657323409363746,0.8627424123785189,100.0,41.87058101325245,0.1416968997361477,362,612,0.0802448979591836,104.98412408677385,5504.1455940020005
14,istockphoto-184848854-612x612.jpg,0,0.8988945978391358,0.8964104738530787,100.0,32.69340463458111,0.0632738121353047,396,612,0.0440653061224489,111.31699280202892,4034.246053162146
15,istockphoto-184875397-612x612.jpg,0,0.8733248819527814,0.8698854290770759,100.0,34.15904139433551,0.06405640358683,381,612,0.0413551020408163,108.12846917989567,3648.9237602276503
16,ls.jpg,0,0.7708600529100528,0.6352280891370895,84.62478269636036,5.229616,12.51643598615917,250,250,0.5259836734693878,127.81608183402577,3563.2418813435393
17,multi_rate_cgst.png,0,0.2601728055077453,0.4396756778024905,100.0,8.253077988915281,4.51739201660023,1440,1684,0.7020408163265306,200.41853893711036,59882.58960913045
18,NMAAHC-2011_104_60_001.jpg,0,0.8751939952904239,0.6888296611809477,100.0,15.687817896389324,4852.333333333333,700,728,0.0701142857142857,123.80433313333762,3317.658618276301
19,old-invoice-from-albert-gait-of-grimsby-dated-23-may-1928-2BAJRGM.jpg,0,0.6433145418167266,0.6570018916599485,100.0,17.978913652572594,13.740280463308869,1300,1208,0.1195673469387755,133.30583130819846,65379.14017702263
20,photo24_std.jpg,0,0.4544169667867147,0.461594451629784,100.0,4.827707374720274,29.566625036026515,648,491,0.1602122448979591,159.65436887428305,11171.408323867538
21,PMI-471989-1_std.jpg,0,0.4197442817126851,0.5267927430779381,100.0,43.03462505670984,3.71409692787662,1623,2321,0.784530612244898,142.5908073154009,105577.59823561518
22,PMI-471989-2_std.jpg,0,0.4137927170868346,0.5223759788897095,100.0,55.4701987106078,3.8866147648224674,1626,2320,0.7906938775510204,155.845,103807.5021926134
23,PMI-472000-1_std.jpg,0,0.3067832893157262,0.3759265582859522,100.0,32.936634480327704,12.294731610337973,1610,2326,0.9200408163265306,115.1436352515079,68807.25543312488
24,PMI-472132-1_std.jpg,0,0.4622293717486995,0.5985256865960616,100.0,16.16880708121572,2.174186013042425,1632,2338,0.6817224489795919,155.84499999981202,101701.1496325496
25,PMI-472353-1_xaS7e1F_std.jpg,0,0.9685197599039616,0.9729385866529752,11.22439477110975,1.070210861119323,0.052920718678675,1639,2328,0.0444244897959183,133.3161821668265,18596.298513828857
26,PMI-472634-2_std.jpg,0,0.7748052180872349,0.8287448838823692,100.0,28.17175013760681,0.5362996635705021,2326,1634,0.2532489795918367,153.83410357392336,59830.106947843386
27,PMI-472634-3_std.jpg,0,0.7395452260904363,0.801010905141191,100.0,30.768561943683952,0.6919875130072841,2325,1626,0.3133632653061224,155.93767592580917,72627.86121694351
28,PMI-472634-4_dot__std.jpg,0,0.4203366146458583,0.607722024614065,100.0,81.77556898086699,1.892202136400986,2331,1661,0.5974857142857143,155.845,80015.53212984493
29,PMI-473520-2_std.jpg,0,0.2181155662264906,0.3298359881771988,7.894506394291125,1.847228696904563,13.4082675301843,1644,2333,0.8986448979591837,155.845,77769.33740139067
30,PMI-473789-4_std.jpg,0,0.9957366306522608,0.996699716446894,38.447244487678816,0.5908894598393973,0.0025140762149865,1609,2314,0.0025142857142857,134.57567369041132,21193.427961468842
31,PMI-474011-1_dot__std.jpg,0,0.6511300840336135,0.7913249773503039,100.0,41.36284518056696,0.6279193802513384,1676,2342,0.3634775510204082,155.84499985443767,63800.53100572507
32,PMI-474454-1_dot__std.jpg,0,0.3546201840736294,0.5485866209164251,100.0,87.79769451629959,2.6552342988046904,1655,2337,0.6607591836734694,155.845,98147.25119484415
33,PMI-477440-2_std.jpg,0,0.8690694517807123,0.8919614988279222,9.52971785543766,1.7023966466061222,0.2501622055036701,1630,2311,0.1025551020408163,155.84920312355473,41465.93585055356
34,PMI-478190-2_dot__std.jpg,0,0.4694228091236495,0.663692755935163,100.0,46.0954808928799,1.3241669902749962,1655,2347,0.5402204081632653,155.845,96843.18023152504
35,PMI-478190-2_pxsJaet_dot__std.jpg,0,0.471062825130052,0.6312082288306077,58.24565680491386,4.32716729076265,1.73537151915359,1655,2347,0.5618448979591837,155.84502558412498,96552.28467705079
36,receitp.PNG,0,0.6766935894357744,0.7182674446593487,100.0,4.157057654075547,0.8044395996432464,724,503,0.2531020408163265,125.60412954835536,15472.050301001691
37,TTP-19-1012_std_std.jpg,0,0.9653811284513804,0.9682218629658992,8.966415605344206,0.9413242963031738,0.0998829591866259,1657,2340,0.099069387755102,135.8053730941028,12150.878616666321
38,Untitled_design_1_std.jpg,0,0.8923880272108844,0.899600542237393,100.0,9.339275594564365,0.2648943484855771,1691,1151,0.2028408163265306,121.35517110446288,28599.11085231365
39,Untitled_design_std.jpg,0,0.8496567266906764,0.8555981999766965,100.0,8.415564776194339,0.4385899118694918,1644,1008,0.278604081632653,119.9313321434174,16749.19428913871
40,upside_edited.jpg,0,0.8453855457779441,0.6976662335035512,100.0,5.249480088495576,44.9349593495935,226,400,0.193265306122449,127.3189113521772,1439.4628948709378
41,vintage-french-invoice-receipt-script-background-26515966.jpg,0,0.912881146744412,0.8933592808016195,100.0,19.6734859375,0.071861622664514,800,800,0.0894285714285714,126.0625076005838,3605.0475108168066
42,zvpysKi.jpg,0,0.6921672591617292,0.4863149817514166,11.296043207751936,1.7170269097222222,,1080,1920,0.2682448979591836,134.12115688798482,32247.88665968447
43,a50c5cab07475ba9e6f1a87fb4587956.png,1,0.9386998639455784,0.944523445141662,100.0,12.912237478192544,0.1128376701086694,476,631,0.0939836734693877,125.49811969585514,5815.1937501636085
44,An-example-of-good-quality-images_Q320.jpg,1,0.6291828091236494,0.6397540403094177,100.0,33.234912109375,5.192549588776004,320,320,0.1252979591836734,115.86083713408549,6037.918029510473
45,An-example-of-noisy-images_Q320.jpg,1,0.6934762951334379,0.5875557634204233,100.0,43.5208984375,111.157721796276,320,320,0.1743428571428571,95.985514932595,5063.336431538809
46,Invoice_10.jpg,1,0.9710270028011204,0.97258045435495,100.0,20.62481717786209,0.0647933417971505,382,494,0.0725714285714285,118.70782187768148,2640.6823228563635
47,Invoice_11.jpg,1,0.8907946858743496,0.9079995183872036,100.0,48.77325815545711,0.2000356116297408,382,494,0.1624326530612244,78.4458947326427,5343.89226264025
48,Invoice_2.jpg,1,0.8818196689699501,0.8921290275372918,100.0,11.543743117711834,0.111790823103319,662,856,0.0760489795918367,122.93876713639416,37148.36689794869
49,Invoice_24.jpg,1,0.9593861864745896,0.9627502042815518,100.0,18.86042922374429,0.0661396010009054,600,730,0.0689959183673469,119.57649333738706,3826.0267030081354
50,Invoice_25.jpg,1,0.935698919567827,0.9401450996414558,100.0,30.909628621133045,0.0656539331638876,585,678,0.0650122448979591,98.6688990178358,4467.205803320699
51,Invoice_3.jpg,1,0.9713461384553822,0.9778225378804328,100.0,13.833366077275704,0.0543153049482163,360,509,0.0489061224489795,109.06425780724877,2929.65450306708
52,Invoice_30.jpg,1,0.8523053061224491,0.8685414936553196,100.0,8.233540711857833,0.1780854863244728,626,626,0.1044734693877551,121.57360329463305,12600.692659038094
53,Invoice_32.jpg,1,0.953414837935174,0.964829034359876,100.0,31.22710045662101,0.0753268944657491,600,730,0.0762204081632653,88.30059008564902,5278.092129909408
54,Invoice_34.jpg,1,0.9401052581032414,0.9448245573483124,100.0,29.180953887884268,0.117928294906654,395,560,0.1021469387755102,106.92353153563178,3533.7559727411244
55,Invoice_39.jpg,1,0.8968733733493399,0.9078409336686756,100.0,23.93946481436389,0.2542032339987784,497,628,0.2167918367346938,105.74312833923788,8730.035737938295
56,Invoice_44.jpg,1,0.9370322849139658,0.9375808215042548,100.0,9.55376302709636,0.0602058196579191,550,567,0.0480979591836734,118.53236316512866,6922.997042017162
57,Invoice_46.jpg,1,0.9079330932372952,0.9202593985115942,100.0,10.436029696500317,0.2706681940845872,566,584,0.2128163265306122,118.9083152771784,23845.7173545072
58,Invoice_47.jpg,1,0.8985545578231294,0.9049190222349784,100.0,17.222571805006588,0.1384840612231428,550,690,0.1147020408163265,114.02049059916786,9831.40174855857
59,Invoice_54.jpg,1,0.9442644897959184,0.961993332062984,100.0,35.04462357093936,0.065457108286452,513,666,0.0712571428571428,97.0405161047145,63595.43826391953
60,Invoice_57.jpg,1,0.978863513405362,0.9833850843352432,100.0,16.20890034364261,0.0391882903834908,600,776,0.0330857142857142,101.09762457929877,3067.580862562778
61,Invoice_6.jpg,1,0.9450910604241696,0.9588250620634547,100.0,10.48716894977169,0.0976838369814195,600,730,0.0803183673469387,98.26024421271106,9294.656612760215
62,Invoice_61.jpg,1,0.9503135654261704,0.955679496982448,100.0,18.309662962962964,0.1019328718819381,750,360,0.0946122448979591,118.84286472955884,4253.424013465204
63,Invoice_62.jpg,1,0.9268530772308926,0.939141108082936,100.0,14.545042266053684,0.0740613312435091,550,613,0.0529632653061224,77.62435943421113,7387.689739221735
64,Invoice_65.jpg,1,0.9655332212885154,0.9760063915374848,100.0,18.845104938271604,0.0556496806985533,500,648,0.0523755102040816,94.72220830600142,3521.6282812898544
65,Invoice_67.jpg,1,0.934132180872349,0.9403654894086187,100.0,17.435144628099174,0.0985487920786461,550,704,0.0910122448979591,112.1521680094115,8089.812155702333
66,Invoice_72.jpg,1,0.969251412565026,0.9754009956632728,100.0,16.595623931623933,0.0296423262199332,585,650,0.0231428571428571,106.94370750908584,5277.897894056202
67,Invoice_8.jpg,1,0.98088649859944,0.9836313066214754,100.0,6.97962100456621,0.0355075050652393,600,730,0.0196244897959183,122.9249260749934,2892.724034931552
68,Invoice_9.jpg,1,0.9556549019607844,0.9636652314324574,100.0,26.194384975729697,0.0824447185017351,382,494,0.0840489795918367,108.02461683614315,3937.490949702107
69,Letterhead-Style-Excel-Invoice-Template.png,1,0.9539671548619448,0.957259595398496,100.0,8.77031755463128,0.0805730311528841,612,792,0.0696244897959183,125.33005081884002,9967.884711433877
70,PMI-472000-2_std.jpg,1,0.8151424089635856,0.8366875116579188,100.0,13.854790257701884,0.7838849367756039,1667,2336,0.4407183673469387,127.30283949369483,49496.267755134264
71,PMI-472031-2_std.jpg,1,0.7449391276510604,0.8130184643673467,100.0,23.513739709958053,0.5865914028306457,1652,2351,0.3069469387755102,155.63779770264335,72813.41610924902
72,PMI-472031-7_dot__std.jpg,1,0.8479180152060823,0.9091606390854888,100.0,35.11774857511008,0.221446352436386,1698,2384,0.1643183673469387,168.62774711180106,36958.820309661896
73,PMI-472081-1_std.jpg,1,0.4625172308923569,0.5467455487820222,100.0,34.61245644147055,4.237961381104124,1662,2341,0.6501959183673469,156.22261976026866,88920.28292826052
74,PMI-472353-1_std.jpg,1,0.967730612244898,0.9757725386023954,100.0,5.397917282560609,0.0417463895368647,1639,2328,0.0326938775510204,101.26819433838465,18441.96606453987
75,PMI-472353-2_05Y3HcR_std.jpg,1,0.9345921088435376,0.9363226583800984,6.693122002953312,1.3475412064215628,0.1056817242561229,1642,2330,0.108669387755102,128.18917135712147,20760.895660608745
76,PMI-472394-1_4N1dKuu_std.jpg,1,0.91528649859944,0.912901113914968,100.0,11.602612996379335,0.0745644633273896,2366,1677,0.0481795918367346,124.43923934000811,18637.343130072546
77,PMI-472634-1_std.jpg,1,0.473347162865146,0.5753112373201126,100.0,20.274901615329387,2.822293224088877,1658,2332,0.7263428571428572,155.845,105687.9182688083
78,Sales-Tax-Invoice-Template.jpg,1,0.956414661864746,0.9641075030653384,100.0,23.597445038621508,0.0575829182240084,612,792,0.0655836734693877,102.84152259947032,6315.436177837587
79,sample_invoice_statement_for_billing_summary_blurred.png,1,0.9038679791916768,0.9379797315143404,100.0,21.124652841127936,0.1449759766033006,609,567,0.1010530612244898,54.4696354374552,20508.324721139652
80,Testoil_Invoice_P17036_dot__std_std.jpg,1,0.9825611524609844,0.9843826154045084,5.294864897315317,0.499028519366048,0.0431781391451237,1710,2208,0.0446938775510204,135.9705222256083,8390.090008383013
81,TTP-19-1012_gP2AGft_std.jpg,1,0.9657278271308524,0.9693088543423328,17.154670550864857,1.2579670508697582,0.090977312942366,1654,2338,0.0864571428571428,131.43094370949964,12098.66568968673
82,0000137486_std.jpg,2,0.9468483713485394,0.9661639109191392,100.0,9.366156779000816,0.0750018297592036,763,1001,0.0589959183673469,155.60966107939706,9036.954339455131
83,2084024865_std.jpg,2,0.9166973669467788,0.925485918192809,100.0,39.89073875774898,0.1723594696631702,759,1004,0.1365142857142857,90.64384660953672,5970.490034073775
84,billing-invoice-template.png,2,0.9730526770708284,0.9770422041352478,100.0,19.012576701268745,0.0447369118685487,578,750,0.0565959183673469,107.14740516985584,11369.774703725063
85,image._std.jpg,2,0.9129328211284514,0.9408787577005172,100.0,46.88166655174263,0.1449511829258664,626,417,0.1200979591836734,66.70269655843666,3489.647066241162
86,Invoice_1.jpg,2,0.9317108283313325,0.9484172020241683,100.0,23.29170296167248,0.1302673609591738,672,615,0.1124408163265306,101.90153246192764,8181.542429236913
87,Invoice_13.jpg,2,0.9597212645058022,0.970413952614275,100.0,23.25965753424657,0.0653124065115396,600,730,0.0581142857142857,84.02166618672865,2715.368391416056
88,Invoice_15.jpg,2,0.9530752460984394,0.9624667607321916,100.0,19.86191324200913,0.0907569554433254,600,730,0.0890204081632653,107.64577489747742,4393.215259224396
89,Invoice_17.jpg,2,0.9488909483793518,0.9560937079980804,100.0,26.830811855670103,0.1059697663591361,600,388,0.1008,106.67389925527668,2930.625793880505
90,Invoice_20.jpg,2,0.9367440096038416,0.9637254419209902,100.0,42.34126237099361,0.0778656036223539,703,940,0.0763265306122449,111.51799172485474,9485.859182447619
91,Invoice_21.jpg,2,0.9788941176470588,0.9810744339827772,100.0,15.9141568627451,0.0367043563106238,578,750,0.0426285714285714,112.5758405389494,11446.549756601882
92,Invoice_29.jpg,2,0.8994042416966787,0.9100498548424568,100.0,10.725404182196622,0.273905184739838,566,584,0.2107102040816326,117.9852952910422,25635.73024688312
93,Invoice_31.jpg,2,0.9137760704281712,0.9172800256576648,100.0,18.53883458646617,0.0873613546142456,630,380,0.0811755102040816,104.38165335830884,2881.4352100384936
94,Invoice_35.jpg,2,0.93527606242497,0.9422192189314262,100.0,30.31062100456621,0.0751262905197425,600,730,0.0713959183673469,103.85231260238108,5915.318710626395
95,Invoice_4.jpg,2,0.950374069627851,0.9631466015886272,100.0,18.30669463869464,0.0690975968978725,600,715,0.0527591836734693,93.86100560706596,10130.190472669765
96,Invoice_41.jpg,2,0.9445719087635054,0.9547559588169056,100.0,23.43585600976205,0.0758546447513522,550,745,0.069738775510204,109.52575062394894,8854.02392621783
97,Invoice_43.jpg,2,0.916744905962385,0.9385445806433969,100.0,21.92394864677308,0.1520764959605368,550,524,0.1099673469387755,111.65035326131589,10194.02412935548
98,Invoice_45.jpg,2,0.8994042416966787,0.9100498548424568,100.0,10.725404182196622,0.273905184739838,566,584,0.2107102040816326,117.9852952910422,25635.73024688312
99,Invoice_58.jpg,2,0.9770177831132452,0.9829266554121884,100.0,16.043200171821304,0.0416084080348813,600,776,0.0394122448979591,89.50914325766755,4238.690272378857
100,Invoice_59.jpg,2,0.9834796318527412,0.9882739156895112,100.0,12.548994845360824,0.0269010130060895,600,776,0.0237877551020408,81.87779501483001,2789.2313957773786
101,Invoice_60.jpg,2,0.9749216166466588,0.981715462606522,100.0,18.786666666666665,0.0414266829799655,600,776,0.0438530612244897,77.61312181914693,4754.937130088057
102,Invoice_66.jpg,2,0.9283312044817928,0.9378032455402388,100.0,16.825862558723916,0.0499654141186106,810,1130,0.0419510204081632,85.29193417309918,8286.256815123848
103,Invoice_69.jpg,2,0.9750052020808324,0.9822697675425772,100.0,18.55486127547666,0.0415896260138549,585,650,0.0330938775510204,100.8645457234446,5000.320430922058
104,Invoice_7.jpg,2,0.932353869547819,0.9539832343117652,100.0,25.736785388127853,0.1120109880903115,600,730,0.0939102040816326,72.16177296166146,7345.837622706143
105,Invoice_73.jpg,2,0.9665997278911564,0.9795233658775404,100.0,20.158017094017094,0.045274616526472,585,650,0.0365795918367347,83.47322251634924,5920.867688568139
106,lt16400464_quantized.png,2,0.9746803792383094,0.9736224921696314,100.0,11.85505413105413,0.0455546056531439,520,675,0.0275755102040816,116.91150671494026,3305.9028776020264
107,lt16400625_quantized.png,2,0.9497618833360114,0.9496286853161088,100.0,12.886188034188034,0.0435558198305336,520,675,0.0422285714285714,118.81820935671848,6057.260660874594
108,maxresdefault._std.jpg,2,0.9018866106442576,0.9237543281216104,100.0,34.933310546875,0.1692419338672905,1280,720,0.1257959183673469,85.54498913639802,15043.806327656192
109,PMI-471827-1_std.jpg,2,0.9598865146058424,0.9701189951733163,100.0,5.459748962507415,0.0620294335420128,1657,2332,0.0390938775510204,121.13477412502417,39759.387381874745
110,PMI-472031-3_std.jpg,2,0.8385565426170469,0.8791846403078666,100.0,16.871808187678436,0.3142560851131453,1647,2350,0.1867428571428571,80.60340757707891,48496.05337321175
111,PMI-472131-1_std.jpg,2,0.7799143017206884,0.8194751677650637,100.0,12.693482014600214,0.8139999171602534,1683,2342,0.4393632653061224,156.07735728763942,56413.19491630669
112,PMI-472353-2_std.jpg,2,0.9341452420968388,0.9395727877630272,100.0,8.22897727569749,0.1030609764782235,1642,2330,0.0381061224489795,110.42774280382255,20506.410393033922
113,PMI-473789-1_dot__std.jpg,2,0.6214783833533413,0.7870709757122382,100.0,26.601129366027205,0.610659981312973,2245,2484,0.3784979591836734,93.21697578669112,236616.66841795965
114,PMI-474722-1_std.jpg,2,0.7901373669467787,0.84971607459671,100.0,22.05828077594073,0.3954406119806449,1657,2344,0.252530612244898,51.216132883800896,52037.47715455641
115,PMI-475064-1_dot__std.jpg,2,0.9418036974789916,0.9630166022209888,100.0,25.216875175414067,0.0840460748670405,1653,2343,0.0706448979591836,50.01291026454456,30872.676111293935
116,PMI-475376-1_std.jpg,2,0.344871868747499,0.4418457884419854,100.0,15.310833373781804,8.542395274143704,2323,1623,0.6095755102040816,155.845,80501.70811405212
117,PMI-476346-1_std.jpg,2,0.7872205842336937,0.8388977649537243,100.0,17.730389362590184,0.4802114792366946,2325,1623,0.1870448979591836,155.845,44552.85020704055
118,UhSV6.jpg,2,0.6150314495028779,0.3786958382763393,37.43770011669685,2.47707239982907,,2322,4128,0.3483918367346938,103.89032109369472,61218.24566778901
119,003-Sales-Order-2-Deposit-SST_1._std.jpg,3,0.9697067627050822,0.9848415964909624,100.0,29.45215249925728,0.029215179471499,816,1056,0.0403428571428571,62.65216112432651,4893.979980074259
120,1cf8f4113cd67d2f7e75b9985c1970d5._std.jpg,3,0.9344856342537016,0.95626927040036,100.0,61.5047152366864,0.094854373399181,507,704,0.0845632653061224,66.30103964345105,3416.4025478126714
121,3c491522791a9dcf483330c28b95cbcb.jpg,3,0.8929478351340536,0.9398319646980586,100.0,22.004239799128825,0.1312989595448774,857,1337,0.125069387755102,127.48276717068975,15215.63718552902
122,4921_001-6_std.jpg,3,0.9567823609443776,0.9674627213166016,100.0,16.509094357735663,0.0723337699185671,1656,2340,0.0550938775510204,93.18883337080452,10894.821606023199
123,55_Sogo_std.jpg,3,0.9756878431372548,0.9773816273649358,100.0,6.354560236845809,0.0455063925252504,1686,2360,0.0473959183673469,124.8462151558904,7961.853478188627
124,ada4120cc04110fd41ad50af7ae7f88a--invoice-design-invoice-template.jpg,3,0.9458503081232492,0.9588583433632782,100.0,33.154555940023066,0.0941393807159853,578,747,0.0852326530612244,99.72936674239877,11262.236217061756
125,aishka_may_month_vendor_invoice-2_std.jpg,3,0.9306106762705082,0.9532761534298664,100.0,17.0996173699028,0.102405061324061,1704,2373,0.083469387755102,76.44407857522614,19092.55229424082
126,Awesome-Template-of-GST-Invoice-Format-in-Excel-Download-xlsx-file_std.jpg,3,0.7489112444977991,0.8062515909857024,100.0,33.000162124060154,0.5203556546263501,800,1064,0.3270857142857143,80.05604063576712,21696.19334409351
127,Book3._std.jpg,3,0.867317519007603,0.906393195293326,100.0,24.602597737180595,0.3190816659683171,1448,2048,0.1273877551020408,149.19937799927808,15637.342849367917
128,content-gst-invoice.png,3,0.938857975190076,0.9608256539625516,100.0,32.13727477415785,0.0947698175973387,623,879,0.0960244897959183,73.84297936887262,7206.846206513814
129,excel-invoice-template.png,3,0.9530234173669466,0.9634655546426432,100.0,19.94346386141473,0.0723365888239626,694,898,0.0583510204081632,107.14899037872236,9787.653844872008
130,export_invoice_example_small.png,3,0.9582831852741096,0.9652349974753156,100.0,21.147611817433457,0.0741648277583134,650,841,0.0722122448979591,100.80573257542883,4905.722501035737
131,fomat-of-gst-tax-invoice.jpg,3,0.9494276110444178,0.9762846957137332,100.0,26.97315884642496,0.0485486812401083,1340,1948,0.057134693877551,60.015207722024485,9631.46833968848
132,fomat-of-gst-tax-invoice._std.jpg,3,0.9493134533813524,0.9761090009094874,100.0,27.02888458120077,0.0485486812401083,1340,1948,0.0571755102040816,58.897628052042734,9649.677752702706
133,Fqasy_-PctGQLl_mO07qdBurVHjmnObS5BuZOJvci2Q.jpg,3,0.7073261345044346,0.6497815733494675,75.4451415920624,3.856321726281658,5.7924307439517815,3072,4080,0.2354122448979591,95.8572344628553,68803.83688975203
134,FuelPump_Bill._std.jpg,3,0.9467608163265306,0.9611720417859704,100.0,19.253109578185224,0.0882420388907073,1207,920,0.0773469387755102,105.67737832598591,6809.866507820509
135,GST-Invoice-1._std.jpg,3,0.5558787354941978,0.5969039705340836,100.0,32.05295240049742,2.0123862933851453,801,511,0.5627755102040817,99.21321569517372,9649.819802374963
136,GST-invoice-sample._std.jpg,3,0.9378278351340535,0.962126523206322,100.0,50.93751139441608,0.0753318314927909,662,928,0.0757877551020408,59.1499106946288,4373.247069707193
137,gst-online-billing-1.png,3,0.9757321488595438,0.982990627625914,100.0,8.040219649670975,0.0347295978423352,1654,2339,0.0269714285714285,51.93936950195851,8361.114273288917
138,gst-tax-invoice._std.jpg,3,0.9103471468587436,0.9135637040032044,100.0,21.41079416898004,0.2053217627444279,677,771,0.1879265306122449,110.15331150745696,7171.237161793109
139,GST_Invoice_Format_f802a13966.png,3,0.961762881152461,0.9720223429540864,100.0,11.040802461800554,0.0625026665783759,2049,2686,0.0523510204081632,80.65456511005371,57583.66713484368
140,Instant-e-invoice-in-TallyPrime.jpg,3,0.9338458583433372,0.9635047250095752,100.0,37.57756039515216,0.0773846770736066,1083,1434,0.0801061224489795,61.964699854387646,16390.23236793502
141,invis1.jpg,3,0.9556780472188876,0.9654322345252804,100.0,10.45771702479356,0.0689918119018423,1653,2339,0.0530204081632653,87.87862071549844,10476.754498509237
142,invis1._std.jpg,3,0.9548816966786712,0.9647573287298016,100.0,10.456135695343976,0.0692649791435685,1653,2339,0.0531673469387755,93.70057565614198,10619.821567050125
143,invoice-sample-copy.png,3,0.9491918047218888,0.9627161338645512,100.0,12.598121655933516,0.0912039270314438,1737,2042,0.0717795918367347,75.14672702860159,11987.418512080549
144,invoice-sample-copy._std.jpg,3,0.9485028571428572,0.9619674039803556,100.0,12.964682936401204,0.091370125732269,1737,2042,0.0717714285714285,91.78610216500832,12081.325636278301
145,Invoice_12.jpg,3,0.9699539655862344,0.9706344503337612,100.0,12.262981315324405,0.0389386136830986,707,914,0.0965551020408163,120.19711154294104,6889.496270392798
146,Invoice_18.jpg,3,0.9333051300520208,0.939649367239619,100.0,15.245288054968288,0.1824815237261917,550,688,0.1588081632653061,119.05327632421066,8794.660657648956
147,Invoice_19.jpg,3,0.936331524609844,0.9437156604238814,100.0,19.587141676792225,0.1528315672457999,625,823,0.1359510204081632,89.1338643166848,10465.070113423555
148,Invoice_26.jpg,3,0.923869899959984,0.9294226829315126,100.0,19.56602168949772,0.1734159665835422,600,876,0.1450857142857143,114.74217712952928,8412.44994714441
149,Invoice_27.jpg,3,0.9517180312124852,0.9572737788972846,100.0,22.816680714650897,0.0407577758550025,586,741,0.037869387755102,106.1532037890997,3528.9766182630906
150,Invoice_28.jpg,3,0.8647304361744699,0.9097256533938932,100.0,5.811364230540701,0.2166948754807137,2550,3300,0.1731673469387755,155.845,145143.18724832206
151,Invoice_33.jpg,3,0.9614280592236896,0.976587857120753,100.0,11.733652836134452,0.0503504805991449,736,952,0.0422775510204081,155.845,7402.275403236846
152,Invoice_37.jpg,3,0.9381831772709084,0.9625036508640789,100.0,37.77985860477519,0.0799161584742282,694,951,0.0727265306122448,78.5119636934572,9375.73513309339
153,Invoice_38.jpg,3,0.965830524209684,0.9716120570832578,100.0,15.963150481359436,0.0265114131991977,670,1155,0.0269551020408163,107.89023218557044,4488.196971160846
154,Invoice_42.jpg,3,0.9213941576630652,0.9348738884231504,100.0,36.90239486498451,0.1349734092661861,600,753,0.1235510204081632,85.91540138318211,9443.177688771077
155,Invoice_48.jpg,3,0.9355782953181272,0.9411720243608148,100.0,18.275782093378915,0.1417694743447565,794,896,0.1280081632653061,114.63487520362489,8055.333946640044
156,Invoice_49.jpg,3,0.9573032092837136,0.9627802345643278,100.0,18.397599219534264,0.0795769582281548,661,856,0.078204081632653,111.36085589495256,5181.754339768839
157,Invoice_52.jpg,3,0.9422683633453384,0.9475641944408107,100.0,20.23247957774812,0.1266526487308975,663,851,0.1160653061224489,114.29540043929651,7531.179635804468
158,Invoice_53.jpg,3,0.9686733573429374,0.9722609808235566,100.0,16.475388832922064,0.0567996765326676,661,862,0.0556816326530612,117.43012790778366,3575.505647468406
159,Invoice_56.jpg,3,0.9452831052420968,0.9668434915547366,100.0,19.448088899303333,0.0577770066465579,655,847,0.0519102040816326,69.17336194151054,20589.32418471914
160,Invoice_63.jpg,3,0.960414661864746,0.968504137715076,100.0,22.33756814449918,0.0599470548613975,700,870,0.0542857142857142,101.31382445763909,6753.817341293217
161,Invoice_64.jpg,3,0.9833511644657864,0.9843554426157136,100.0,7.521026087401756,0.0268059773684367,795,737,0.0270204081632653,126.49028910919472,2625.9561502298006
162,Invoice_68.jpg,3,0.9841633293317328,0.9854416990059548,100.0,7.319394714407502,0.0281727903643282,578,690,0.0289551020408163,124.90184103884164,2917.684612366172
163,Invoice_70.jpg,3,0.9830783193277312,0.986052134321835,100.0,13.887304193804312,0.0313628158844765,581,653,0.032,107.65866155193808,2410.4002535487502
164,Invoice_74.jpg,3,0.976163393357343,0.976651729859839,100.0,3.912889767237593,0.0341864921911173,1080,1518,0.0298204081632653,124.4499131290742,8903.091347027865
165,Invoice_75.jpg,3,0.9799185914365746,0.9821466681255474,100.0,7.6865346552414895,0.0253442111596074,1012,1322,0.0238775510204081,119.68131097992952,3219.564813655379
166,io-template.png,3,0.9614732933173268,0.96342038989227,100.0,3.774372430184195,0.0337294304427236,1275,1650,0.0204489795918367,112.2701084425261,10086.714700649356
167,letterhead_invoice_template_ddca335294._std.jpg,3,0.9515314285714284,0.9528094766125508,100.0,6.754896122817138,0.0874967003465338,1141,1697,0.0752979591836734,124.98722424474384,9972.122700203352
168,lt16400464_quantized.png,3,0.9746803792383094,0.9736224921696314,100.0,11.85505413105413,0.0455546056531439,520,675,0.0275755102040816,116.91150671494026,3305.9028776020264
169,New_Bill._std.jpg,3,0.9649712044817929,0.9707756810060906,100.0,12.16379491414512,0.073377595521708,1133,1601,0.0611918367346938,104.92755138548829,8196.39759010612
170,Perfect-Design-of-GST-Invoice-Format-in-Excel-Download-xlsx-file_std.jpg,3,0.7435983353341338,0.8270545742122449,100.0,27.06459943449576,0.4767774655728863,800,1061,0.2957469387755102,85.70644812051628,21558.48489530824
171,sales-invoice-product_lg.png,3,0.9166858103241295,0.9351829245642342,100.0,21.33908045977012,0.1286817682681036,600,812,0.0963591836734693,104.69781483146508,10432.352687113387
172,Sales_Invoice__19-20-001_std.jpg,3,0.9115718287314928,0.938458488228879,100.0,16.181110544006735,0.1412558753030297,1672,2353,0.1032816326530612,90.35932117499462,18178.85139249565
173,Sample-GST-Invoice-956x1024.png,3,0.9668816326530614,0.9746089449751042,100.0,15.609520054262552,0.0597499323410013,956,1024,0.0599755102040816,84.3505201873173,4135.267969052053
174,service_tax_invoice_format._std.jpg,3,0.914635294117647,0.930235795383892,100.0,33.643892439938284,0.1705809301349552,698,975,0.1418530612244898,86.13914111672491,11504.936199276539
175,simple-invoice-template.png,3,0.9241121408563424,0.9359761809698204,100.0,24.49875930521092,0.1657386076014752,546,620,0.1011265306122449,105.35531780232364,10427.248921468501
176,simple-tax-invoice-sample-tax-list.png,3,0.952735974389756,0.9590290336712232,100.0,12.667580408666703,0.0693995609530898,735,1081,0.0703020408163265,115.10974674581824,6790.127108901449
177,Simple-Tax-Invoice-Template1.jpg,3,0.927591100440176,0.9360969499722916,100.0,17.635504296698326,0.1924633726057023,600,737,0.1474367346938775,111.4563387144378,7991.764168133362
178,simple-uk-invoice-templates-in-excel-lg.png,3,0.965023183028152,0.9652524601298974,100.0,4.33080325311943,0.0774083144649508,2040,2640,0.068334693877551,126.10993592032624,14796.065071686648
179,simplified-tax-invoice-2._std.jpg,3,0.970029899959984,0.976091907903975,100.0,10.695354596183025,0.0567591783816655,1047,1434,0.0470204081632653,99.6457398322086,10003.548991524476
180,specimen-of-a-B2B-invoice-with-QR-code-908x1024._std.jpg,3,0.9243014325730292,0.9349395904442424,100.0,16.19325015428372,0.1410507623538056,909,1025,0.1128489795918367,111.77240924944157,10382.640411114819
181,Tally-Sales-Invoice-in-Excel-Format-1.png,3,0.8889563185274111,0.9280059523551272,100.0,44.98581329259663,0.2076566628865364,635,701,0.1179102040816326,67.7388848489986,7767.150428845615
182,tax-invoice-format-2-tallyprime._std.jpg,3,0.9604786234493796,0.9765844948177176,100.0,24.7875890863786,0.0467793346413905,998,1438,0.0484,66.79160224163454,4475.3527837984075
183,tax-invoice-format-in-excel-1.png,3,0.9425621128451378,0.9574568881002152,100.0,30.09879270667375,0.1007812058513468,700,807,0.0725959183673469,84.72983656046031,6118.131389526938
184,tax-invoice-formatjpeg._std.jpg,3,0.9421595198079232,0.9580398834185724,100.0,21.971411987130583,0.0978203083466241,730,826,0.0773795918367346,87.14655202872112,5889.451584641295
185,Tax-Invoice-GST._std.jpg,3,0.7344833293317325,0.8214197524000522,100.0,71.44458612341481,0.5043861945181917,721,558,0.3430285714285714,34.49858449061125,23639.27304707835
186,tax-invoice._std.jpg,3,0.9461605122048818,0.9566696736169183,100.0,33.55946732219194,0.1115692705262674,582,541,0.0999755102040816,95.55927582582083,3785.700659144018
187,temp-2.png,3,0.9451386954781912,0.9636430034225524,100.0,14.368528927441764,0.0842482885596445,1531,1754,0.068604081632653,53.310134496422194,11852.961612520288
188,Template-for-Tax-Invoice.jpg,3,0.9710572228891556,0.9783738745554637,100.0,14.619208791208791,0.0394337560871601,600,455,0.0402775510204081,100.51079098003274,2897.606521312537
